--
-- PostgreSQL database dump
--

-- Dumped from database version 17.1 (Debian 17.1-1.pgdg120+1)
-- Dumped by pg_dump version 17.1 (Debian 17.1-1.pgdg120+1)

SET statement_timeout = 0;
SET lock_timeout = 0;
SET idle_in_transaction_session_timeout = 0;
SET transaction_timeout = 0;
SET client_encoding = 'UTF8';
SET standard_conforming_strings = on;
SELECT pg_catalog.set_config('search_path', '', false);
SET check_function_bodies = false;
SET xmloption = content;
SET client_min_messages = warning;
SET row_security = off;

DROP DATABASE postgres;
--
-- Name: postgres; Type: DATABASE; Schema: -; Owner: postgres
--

CREATE DATABASE postgres WITH TEMPLATE = template0 ENCODING = 'UTF8' LOCALE_PROVIDER = libc LOCALE = 'en_US.utf8';


ALTER DATABASE postgres OWNER TO postgres;

\connect postgres

SET statement_timeout = 0;
SET lock_timeout = 0;
SET idle_in_transaction_session_timeout = 0;
SET transaction_timeout = 0;
SET client_encoding = 'UTF8';
SET standard_conforming_strings = on;
SELECT pg_catalog.set_config('search_path', '', false);
SET check_function_bodies = false;
SET xmloption = content;
SET client_min_messages = warning;
SET row_security = off;

--
-- Name: DATABASE postgres; Type: COMMENT; Schema: -; Owner: postgres
--

COMMENT ON DATABASE postgres IS 'default administrative connection database';


--
-- Name: check_bank_account_exists(); Type: FUNCTION; Schema: public; Owner: postgres
--

CREATE FUNCTION public.check_bank_account_exists() RETURNS trigger
    LANGUAGE plpgsql
    AS $$
BEGIN
    IF EXISTS (SELECT 1 FROM main_worker WHERE bank_name = NEW.bank_name AND account_number = NEW.account_number) THEN
        RAISE EXCEPTION 'Bank name % and account number % combination is already registered.', NEW.bank_name, NEW.account_number;
    END IF;
    RETURN NEW;
END;
$$;


ALTER FUNCTION public.check_bank_account_exists() OWNER TO postgres;

--
-- Name: check_phone_number_exists(); Type: FUNCTION; Schema: public; Owner: postgres
--

CREATE FUNCTION public.check_phone_number_exists() RETURNS trigger
    LANGUAGE plpgsql
    AS $$
BEGIN
    IF EXISTS (SELECT 1 FROM main_user WHERE phone_number = NEW.phone_number) THEN
        RAISE EXCEPTION 'Phone number % is already registered.', NEW.phone_number;
    END IF;
    RETURN NEW;
END;
$$;


ALTER FUNCTION public.check_phone_number_exists() OWNER TO postgres;

--
-- Name: update_user_level(); Type: FUNCTION; Schema: public; Owner: postgres
--

CREATE FUNCTION public.update_user_level() RETURNS trigger
    LANGUAGE plpgsql
    AS $$
BEGIN
  UPDATE main_user
  SET level = CASE
    WHEN (SELECT COUNT(*) FROM services_serviceorder WHERE user_id = main_user.id) >= 15 THEN 'Gold'
    WHEN (SELECT COUNT(*) FROM services_serviceorder WHERE user_id = main_user.id) >= 10 THEN 'Silver'
    ELSE 'Bronze'
  END
  WHERE id = NEW.user_id;

  RETURN NULL;
END;
$$;


ALTER FUNCTION public.update_user_level() OWNER TO postgres;

SET default_tablespace = '';

SET default_table_access_method = heap;

--
-- Name: auth_group; Type: TABLE; Schema: public; Owner: postgres
--

CREATE TABLE public.auth_group (
    id integer NOT NULL,
    name character varying(150) NOT NULL
);


ALTER TABLE public.auth_group OWNER TO postgres;

--
-- Name: auth_group_id_seq; Type: SEQUENCE; Schema: public; Owner: postgres
--

ALTER TABLE public.auth_group ALTER COLUMN id ADD GENERATED BY DEFAULT AS IDENTITY (
    SEQUENCE NAME public.auth_group_id_seq
    START WITH 1
    INCREMENT BY 1
    NO MINVALUE
    NO MAXVALUE
    CACHE 1
);


--
-- Name: auth_group_permissions; Type: TABLE; Schema: public; Owner: postgres
--

CREATE TABLE public.auth_group_permissions (
    id bigint NOT NULL,
    group_id integer NOT NULL,
    permission_id integer NOT NULL
);


ALTER TABLE public.auth_group_permissions OWNER TO postgres;

--
-- Name: auth_group_permissions_id_seq; Type: SEQUENCE; Schema: public; Owner: postgres
--

ALTER TABLE public.auth_group_permissions ALTER COLUMN id ADD GENERATED BY DEFAULT AS IDENTITY (
    SEQUENCE NAME public.auth_group_permissions_id_seq
    START WITH 1
    INCREMENT BY 1
    NO MINVALUE
    NO MAXVALUE
    CACHE 1
);


--
-- Name: auth_permission; Type: TABLE; Schema: public; Owner: postgres
--

CREATE TABLE public.auth_permission (
    id integer NOT NULL,
    name character varying(255) NOT NULL,
    content_type_id integer NOT NULL,
    codename character varying(100) NOT NULL
);


ALTER TABLE public.auth_permission OWNER TO postgres;

--
-- Name: auth_permission_id_seq; Type: SEQUENCE; Schema: public; Owner: postgres
--

ALTER TABLE public.auth_permission ALTER COLUMN id ADD GENERATED BY DEFAULT AS IDENTITY (
    SEQUENCE NAME public.auth_permission_id_seq
    START WITH 1
    INCREMENT BY 1
    NO MINVALUE
    NO MAXVALUE
    CACHE 1
);


--
-- Name: auth_user; Type: TABLE; Schema: public; Owner: postgres
--

CREATE TABLE public.auth_user (
    id integer NOT NULL,
    password character varying(128) NOT NULL,
    last_login timestamp with time zone,
    is_superuser boolean NOT NULL,
    username character varying(150) NOT NULL,
    first_name character varying(150) NOT NULL,
    last_name character varying(150) NOT NULL,
    email character varying(254) NOT NULL,
    is_staff boolean NOT NULL,
    is_active boolean NOT NULL,
    date_joined timestamp with time zone NOT NULL
);


ALTER TABLE public.auth_user OWNER TO postgres;

--
-- Name: auth_user_groups; Type: TABLE; Schema: public; Owner: postgres
--

CREATE TABLE public.auth_user_groups (
    id bigint NOT NULL,
    user_id integer NOT NULL,
    group_id integer NOT NULL
);


ALTER TABLE public.auth_user_groups OWNER TO postgres;

--
-- Name: auth_user_groups_id_seq; Type: SEQUENCE; Schema: public; Owner: postgres
--

ALTER TABLE public.auth_user_groups ALTER COLUMN id ADD GENERATED BY DEFAULT AS IDENTITY (
    SEQUENCE NAME public.auth_user_groups_id_seq
    START WITH 1
    INCREMENT BY 1
    NO MINVALUE
    NO MAXVALUE
    CACHE 1
);


--
-- Name: auth_user_id_seq; Type: SEQUENCE; Schema: public; Owner: postgres
--

ALTER TABLE public.auth_user ALTER COLUMN id ADD GENERATED BY DEFAULT AS IDENTITY (
    SEQUENCE NAME public.auth_user_id_seq
    START WITH 1
    INCREMENT BY 1
    NO MINVALUE
    NO MAXVALUE
    CACHE 1
);


--
-- Name: auth_user_user_permissions; Type: TABLE; Schema: public; Owner: postgres
--

CREATE TABLE public.auth_user_user_permissions (
    id bigint NOT NULL,
    user_id integer NOT NULL,
    permission_id integer NOT NULL
);


ALTER TABLE public.auth_user_user_permissions OWNER TO postgres;

--
-- Name: auth_user_user_permissions_id_seq; Type: SEQUENCE; Schema: public; Owner: postgres
--

ALTER TABLE public.auth_user_user_permissions ALTER COLUMN id ADD GENERATED BY DEFAULT AS IDENTITY (
    SEQUENCE NAME public.auth_user_user_permissions_id_seq
    START WITH 1
    INCREMENT BY 1
    NO MINVALUE
    NO MAXVALUE
    CACHE 1
);


--
-- Name: booked_sessions; Type: TABLE; Schema: public; Owner: postgres
--

CREATE TABLE public.booked_sessions (
    id integer NOT NULL,
    session_id bigint,
    session_name character varying(255),
    price numeric(10,2),
    subcategory_id bigint,
    subcategory_name character varying(255),
    worker_name character varying(255),
    status character varying(100) DEFAULT 'Waiting for Payment'::character varying,
    action character varying(255),
    booked_at timestamp without time zone DEFAULT CURRENT_TIMESTAMP,
    user_id bigint
);


ALTER TABLE public.booked_sessions OWNER TO postgres;

--
-- Name: booked_sessions_id_seq; Type: SEQUENCE; Schema: public; Owner: postgres
--

CREATE SEQUENCE public.booked_sessions_id_seq
    AS integer
    START WITH 1
    INCREMENT BY 1
    NO MINVALUE
    NO MAXVALUE
    CACHE 1;


ALTER SEQUENCE public.booked_sessions_id_seq OWNER TO postgres;

--
-- Name: booked_sessions_id_seq; Type: SEQUENCE OWNED BY; Schema: public; Owner: postgres
--

ALTER SEQUENCE public.booked_sessions_id_seq OWNED BY public.booked_sessions.id;


--
-- Name: django_admin_log; Type: TABLE; Schema: public; Owner: postgres
--

CREATE TABLE public.django_admin_log (
    id integer NOT NULL,
    action_time timestamp with time zone NOT NULL,
    object_id text,
    object_repr character varying(200) NOT NULL,
    action_flag smallint NOT NULL,
    change_message text NOT NULL,
    content_type_id integer,
    user_id integer NOT NULL,
    CONSTRAINT django_admin_log_action_flag_check CHECK ((action_flag >= 0))
);


ALTER TABLE public.django_admin_log OWNER TO postgres;

--
-- Name: django_admin_log_id_seq; Type: SEQUENCE; Schema: public; Owner: postgres
--

ALTER TABLE public.django_admin_log ALTER COLUMN id ADD GENERATED BY DEFAULT AS IDENTITY (
    SEQUENCE NAME public.django_admin_log_id_seq
    START WITH 1
    INCREMENT BY 1
    NO MINVALUE
    NO MAXVALUE
    CACHE 1
);


--
-- Name: django_content_type; Type: TABLE; Schema: public; Owner: postgres
--

CREATE TABLE public.django_content_type (
    id integer NOT NULL,
    app_label character varying(100) NOT NULL,
    model character varying(100) NOT NULL
);


ALTER TABLE public.django_content_type OWNER TO postgres;

--
-- Name: django_content_type_id_seq; Type: SEQUENCE; Schema: public; Owner: postgres
--

ALTER TABLE public.django_content_type ALTER COLUMN id ADD GENERATED BY DEFAULT AS IDENTITY (
    SEQUENCE NAME public.django_content_type_id_seq
    START WITH 1
    INCREMENT BY 1
    NO MINVALUE
    NO MAXVALUE
    CACHE 1
);


--
-- Name: django_migrations; Type: TABLE; Schema: public; Owner: postgres
--

CREATE TABLE public.django_migrations (
    id bigint NOT NULL,
    app character varying(255) NOT NULL,
    name character varying(255) NOT NULL,
    applied timestamp with time zone NOT NULL
);


ALTER TABLE public.django_migrations OWNER TO postgres;

--
-- Name: django_migrations_id_seq; Type: SEQUENCE; Schema: public; Owner: postgres
--

ALTER TABLE public.django_migrations ALTER COLUMN id ADD GENERATED BY DEFAULT AS IDENTITY (
    SEQUENCE NAME public.django_migrations_id_seq
    START WITH 1
    INCREMENT BY 1
    NO MINVALUE
    NO MAXVALUE
    CACHE 1
);


--
-- Name: django_session; Type: TABLE; Schema: public; Owner: postgres
--

CREATE TABLE public.django_session (
    session_key character varying(40) NOT NULL,
    session_data text NOT NULL,
    expire_date timestamp with time zone NOT NULL
);


ALTER TABLE public.django_session OWNER TO postgres;

--
-- Name: main_promo; Type: TABLE; Schema: public; Owner: postgres
--

CREATE TABLE public.main_promo (
    id bigint NOT NULL,
    code character varying(50) NOT NULL,
    offer_end_date date NOT NULL
);


ALTER TABLE public.main_promo OWNER TO postgres;

--
-- Name: main_promo_id_seq; Type: SEQUENCE; Schema: public; Owner: postgres
--

ALTER TABLE public.main_promo ALTER COLUMN id ADD GENERATED BY DEFAULT AS IDENTITY (
    SEQUENCE NAME public.main_promo_id_seq
    START WITH 1
    INCREMENT BY 1
    NO MINVALUE
    NO MAXVALUE
    CACHE 1
);


--
-- Name: main_transaction; Type: TABLE; Schema: public; Owner: postgres
--

CREATE TABLE public.main_transaction (
    id bigint NOT NULL,
    amount integer NOT NULL,
    date timestamp with time zone NOT NULL,
    user_id bigint NOT NULL,
    category_id integer NOT NULL
);


ALTER TABLE public.main_transaction OWNER TO postgres;

--
-- Name: main_transaction_id_seq; Type: SEQUENCE; Schema: public; Owner: postgres
--

ALTER TABLE public.main_transaction ALTER COLUMN id ADD GENERATED BY DEFAULT AS IDENTITY (
    SEQUENCE NAME public.main_transaction_id_seq
    START WITH 1
    INCREMENT BY 1
    NO MINVALUE
    NO MAXVALUE
    CACHE 1
);


--
-- Name: main_transactioncategory; Type: TABLE; Schema: public; Owner: postgres
--

CREATE TABLE public.main_transactioncategory (
    category_id integer NOT NULL,
    category_name character varying(50) NOT NULL
);


ALTER TABLE public.main_transactioncategory OWNER TO postgres;

--
-- Name: main_transfertransaction; Type: TABLE; Schema: public; Owner: postgres
--

CREATE TABLE public.main_transfertransaction (
    transaction_ptr_id bigint NOT NULL,
    recipient_id bigint NOT NULL
);


ALTER TABLE public.main_transfertransaction OWNER TO postgres;

--
-- Name: main_user; Type: TABLE; Schema: public; Owner: postgres
--

CREATE TABLE public.main_user (
    id bigint NOT NULL,
    name character varying(255) NOT NULL,
    password character varying(128) NOT NULL,
    sex character varying(10) NOT NULL,
    phone_number character varying(20) NOT NULL,
    birth_date date NOT NULL,
    address text NOT NULL,
    last_login timestamp with time zone,
    date_joined timestamp with time zone NOT NULL,
    email character varying(254) NOT NULL,
    first_name character varying(150) NOT NULL,
    is_active boolean NOT NULL,
    is_staff boolean NOT NULL,
    is_superuser boolean NOT NULL,
    last_name character varying(150) NOT NULL,
    username character varying(150) NOT NULL,
    mypay_balance numeric DEFAULT 0,
    level character varying(10) DEFAULT 'Bronze'::character varying
);


ALTER TABLE public.main_user OWNER TO postgres;

--
-- Name: main_user_groups; Type: TABLE; Schema: public; Owner: postgres
--

CREATE TABLE public.main_user_groups (
    id bigint NOT NULL,
    user_id bigint NOT NULL,
    group_id integer NOT NULL
);


ALTER TABLE public.main_user_groups OWNER TO postgres;

--
-- Name: main_user_groups_id_seq; Type: SEQUENCE; Schema: public; Owner: postgres
--

ALTER TABLE public.main_user_groups ALTER COLUMN id ADD GENERATED BY DEFAULT AS IDENTITY (
    SEQUENCE NAME public.main_user_groups_id_seq
    START WITH 1
    INCREMENT BY 1
    NO MINVALUE
    NO MAXVALUE
    CACHE 1
);


--
-- Name: main_user_id_seq; Type: SEQUENCE; Schema: public; Owner: postgres
--

ALTER TABLE public.main_user ALTER COLUMN id ADD GENERATED BY DEFAULT AS IDENTITY (
    SEQUENCE NAME public.main_user_id_seq
    START WITH 1
    INCREMENT BY 1
    NO MINVALUE
    NO MAXVALUE
    CACHE 1
);


--
-- Name: main_user_user_permissions; Type: TABLE; Schema: public; Owner: postgres
--

CREATE TABLE public.main_user_user_permissions (
    id bigint NOT NULL,
    user_id bigint NOT NULL,
    permission_id integer NOT NULL
);


ALTER TABLE public.main_user_user_permissions OWNER TO postgres;

--
-- Name: main_user_user_permissions_id_seq; Type: SEQUENCE; Schema: public; Owner: postgres
--

ALTER TABLE public.main_user_user_permissions ALTER COLUMN id ADD GENERATED BY DEFAULT AS IDENTITY (
    SEQUENCE NAME public.main_user_user_permissions_id_seq
    START WITH 1
    INCREMENT BY 1
    NO MINVALUE
    NO MAXVALUE
    CACHE 1
);


--
-- Name: main_voucher; Type: TABLE; Schema: public; Owner: postgres
--

CREATE TABLE public.main_voucher (
    id bigint NOT NULL,
    code character varying(50) NOT NULL,
    discount numeric(5,2) NOT NULL,
    min_transaction numeric(10,2) NOT NULL,
    validity_days integer NOT NULL,
    user_quota integer NOT NULL,
    price numeric(10,2) NOT NULL
);


ALTER TABLE public.main_voucher OWNER TO postgres;

--
-- Name: main_voucher_id_seq; Type: SEQUENCE; Schema: public; Owner: postgres
--

ALTER TABLE public.main_voucher ALTER COLUMN id ADD GENERATED BY DEFAULT AS IDENTITY (
    SEQUENCE NAME public.main_voucher_id_seq
    START WITH 1
    INCREMENT BY 1
    NO MINVALUE
    NO MAXVALUE
    CACHE 1
);


--
-- Name: main_worker; Type: TABLE; Schema: public; Owner: postgres
--

CREATE TABLE public.main_worker (
    user_ptr_id bigint NOT NULL,
    bank_name character varying(50) NOT NULL,
    account_number character varying(30) NOT NULL,
    npwp character varying(20) NOT NULL,
    image_url character varying(200)
);


ALTER TABLE public.main_worker OWNER TO postgres;

--
-- Name: services_booking; Type: TABLE; Schema: public; Owner: postgres
--

CREATE TABLE public.services_booking (
    id bigint NOT NULL,
    date_booked timestamp with time zone NOT NULL,
    details text NOT NULL,
    user_id bigint NOT NULL,
    session_id bigint NOT NULL,
    status character varying(20) NOT NULL
);


ALTER TABLE public.services_booking OWNER TO postgres;

--
-- Name: services_booking_id_seq; Type: SEQUENCE; Schema: public; Owner: postgres
--

ALTER TABLE public.services_booking ALTER COLUMN id ADD GENERATED BY DEFAULT AS IDENTITY (
    SEQUENCE NAME public.services_booking_id_seq
    START WITH 1
    INCREMENT BY 1
    NO MINVALUE
    NO MAXVALUE
    CACHE 1
);


--
-- Name: services_servicecategory; Type: TABLE; Schema: public; Owner: postgres
--

CREATE TABLE public.services_servicecategory (
    id bigint NOT NULL,
    name character varying(100) NOT NULL,
    description text NOT NULL
);


ALTER TABLE public.services_servicecategory OWNER TO postgres;

--
-- Name: services_servicecategory_id_seq; Type: SEQUENCE; Schema: public; Owner: postgres
--

ALTER TABLE public.services_servicecategory ALTER COLUMN id ADD GENERATED BY DEFAULT AS IDENTITY (
    SEQUENCE NAME public.services_servicecategory_id_seq
    START WITH 1
    INCREMENT BY 1
    NO MINVALUE
    NO MAXVALUE
    CACHE 1
);


--
-- Name: services_serviceorder; Type: TABLE; Schema: public; Owner: postgres
--

CREATE TABLE public.services_serviceorder (
    id bigint NOT NULL,
    order_name character varying(100) NOT NULL,
    status character varying(25) NOT NULL,
    created_at timestamp with time zone NOT NULL,
    updated_at timestamp with time zone NOT NULL
);


ALTER TABLE public.services_serviceorder OWNER TO postgres;

--
-- Name: services_serviceorder_id_seq; Type: SEQUENCE; Schema: public; Owner: postgres
--

ALTER TABLE public.services_serviceorder ALTER COLUMN id ADD GENERATED BY DEFAULT AS IDENTITY (
    SEQUENCE NAME public.services_serviceorder_id_seq
    START WITH 1
    INCREMENT BY 1
    NO MINVALUE
    NO MAXVALUE
    CACHE 1
);


--
-- Name: services_servicesession; Type: TABLE; Schema: public; Owner: postgres
--

CREATE TABLE public.services_servicesession (
    id bigint NOT NULL,
    session character varying(100) NOT NULL,
    price numeric(10,2) NOT NULL,
    subcategory_id bigint NOT NULL
);


ALTER TABLE public.services_servicesession OWNER TO postgres;

--
-- Name: services_servicesession_id_seq; Type: SEQUENCE; Schema: public; Owner: postgres
--

ALTER TABLE public.services_servicesession ALTER COLUMN id ADD GENERATED BY DEFAULT AS IDENTITY (
    SEQUENCE NAME public.services_servicesession_id_seq
    START WITH 1
    INCREMENT BY 1
    NO MINVALUE
    NO MAXVALUE
    CACHE 1
);


--
-- Name: services_subcategory; Type: TABLE; Schema: public; Owner: postgres
--

CREATE TABLE public.services_subcategory (
    id bigint NOT NULL,
    name character varying(100) NOT NULL,
    description text NOT NULL,
    category_id bigint NOT NULL
);


ALTER TABLE public.services_subcategory OWNER TO postgres;

--
-- Name: services_subcategory_id_seq; Type: SEQUENCE; Schema: public; Owner: postgres
--

ALTER TABLE public.services_subcategory ALTER COLUMN id ADD GENERATED BY DEFAULT AS IDENTITY (
    SEQUENCE NAME public.services_subcategory_id_seq
    START WITH 1
    INCREMENT BY 1
    NO MINVALUE
    NO MAXVALUE
    CACHE 1
);


--
-- Name: services_testimonial; Type: TABLE; Schema: public; Owner: postgres
--

CREATE TABLE public.services_testimonial (
    id bigint NOT NULL,
    content text NOT NULL,
    subcategory_id bigint NOT NULL,
    user_id bigint NOT NULL,
    created_at timestamp with time zone NOT NULL,
    rating smallint NOT NULL,
    CONSTRAINT services_testimonial_rating_check CHECK ((rating >= 0))
);


ALTER TABLE public.services_testimonial OWNER TO postgres;

--
-- Name: services_testimonial_id_seq; Type: SEQUENCE; Schema: public; Owner: postgres
--

ALTER TABLE public.services_testimonial ALTER COLUMN id ADD GENERATED BY DEFAULT AS IDENTITY (
    SEQUENCE NAME public.services_testimonial_id_seq
    START WITH 1
    INCREMENT BY 1
    NO MINVALUE
    NO MAXVALUE
    CACHE 1
);


--
-- Name: services_workerservice; Type: TABLE; Schema: public; Owner: postgres
--

CREATE TABLE public.services_workerservice (
    id bigint NOT NULL,
    is_joined boolean NOT NULL,
    subcategory_id bigint NOT NULL,
    worker_id bigint NOT NULL
);


ALTER TABLE public.services_workerservice OWNER TO postgres;

--
-- Name: services_workerservice_id_seq; Type: SEQUENCE; Schema: public; Owner: postgres
--

ALTER TABLE public.services_workerservice ALTER COLUMN id ADD GENERATED BY DEFAULT AS IDENTITY (
    SEQUENCE NAME public.services_workerservice_id_seq
    START WITH 1
    INCREMENT BY 1
    NO MINVALUE
    NO MAXVALUE
    CACHE 1
);


--
-- Name: services_workerserviceorder; Type: TABLE; Schema: public; Owner: postgres
--

CREATE TABLE public.services_workerserviceorder (
    id bigint NOT NULL,
    session character varying(100) NOT NULL,
    price numeric(10,2) NOT NULL,
    status character varying(20) NOT NULL,
    created_at timestamp with time zone NOT NULL,
    updated_at timestamp with time zone NOT NULL,
    subcategory_id bigint NOT NULL,
    assigned_worker_id bigint
);


ALTER TABLE public.services_workerserviceorder OWNER TO postgres;

--
-- Name: services_workerserviceorder_id_seq; Type: SEQUENCE; Schema: public; Owner: postgres
--

ALTER TABLE public.services_workerserviceorder ALTER COLUMN id ADD GENERATED BY DEFAULT AS IDENTITY (
    SEQUENCE NAME public.services_workerserviceorder_id_seq
    START WITH 1
    INCREMENT BY 1
    NO MINVALUE
    NO MAXVALUE
    CACHE 1
);


--
-- Name: services_workerserviceorder_workers; Type: TABLE; Schema: public; Owner: postgres
--

CREATE TABLE public.services_workerserviceorder_workers (
    id bigint NOT NULL,
    workerserviceorder_id bigint NOT NULL,
    worker_id bigint NOT NULL
);


ALTER TABLE public.services_workerserviceorder_workers OWNER TO postgres;

--
-- Name: services_workerserviceorder_workers_id_seq; Type: SEQUENCE; Schema: public; Owner: postgres
--

ALTER TABLE public.services_workerserviceorder_workers ALTER COLUMN id ADD GENERATED BY DEFAULT AS IDENTITY (
    SEQUENCE NAME public.services_workerserviceorder_workers_id_seq
    START WITH 1
    INCREMENT BY 1
    NO MINVALUE
    NO MAXVALUE
    CACHE 1
);


--
-- Name: workers_category; Type: TABLE; Schema: public; Owner: postgres
--

CREATE TABLE public.workers_category (
    id integer NOT NULL,
    worker_id integer,
    category_id integer
);


ALTER TABLE public.workers_category OWNER TO postgres;

--
-- Name: workers_category_id_seq; Type: SEQUENCE; Schema: public; Owner: postgres
--

CREATE SEQUENCE public.workers_category_id_seq
    AS integer
    START WITH 1
    INCREMENT BY 1
    NO MINVALUE
    NO MAXVALUE
    CACHE 1;


ALTER SEQUENCE public.workers_category_id_seq OWNER TO postgres;

--
-- Name: workers_category_id_seq; Type: SEQUENCE OWNED BY; Schema: public; Owner: postgres
--

ALTER SEQUENCE public.workers_category_id_seq OWNED BY public.workers_category.id;


--
-- Name: booked_sessions id; Type: DEFAULT; Schema: public; Owner: postgres
--

ALTER TABLE ONLY public.booked_sessions ALTER COLUMN id SET DEFAULT nextval('public.booked_sessions_id_seq'::regclass);


--
-- Name: workers_category id; Type: DEFAULT; Schema: public; Owner: postgres
--

ALTER TABLE ONLY public.workers_category ALTER COLUMN id SET DEFAULT nextval('public.workers_category_id_seq'::regclass);


--
-- Data for Name: auth_group; Type: TABLE DATA; Schema: public; Owner: postgres
--

COPY public.auth_group (id, name) FROM stdin;
\.


--
-- Data for Name: auth_group_permissions; Type: TABLE DATA; Schema: public; Owner: postgres
--

COPY public.auth_group_permissions (id, group_id, permission_id) FROM stdin;
\.


--
-- Data for Name: auth_permission; Type: TABLE DATA; Schema: public; Owner: postgres
--

COPY public.auth_permission (id, name, content_type_id, codename) FROM stdin;
1	Can add log entry	1	add_logentry
2	Can change log entry	1	change_logentry
3	Can delete log entry	1	delete_logentry
4	Can view log entry	1	view_logentry
5	Can add permission	2	add_permission
6	Can change permission	2	change_permission
7	Can delete permission	2	delete_permission
8	Can view permission	2	view_permission
9	Can add group	3	add_group
10	Can change group	3	change_group
11	Can delete group	3	delete_group
12	Can view group	3	view_group
13	Can add user	4	add_user
14	Can change user	4	change_user
15	Can delete user	4	delete_user
16	Can view user	4	view_user
17	Can add content type	5	add_contenttype
18	Can change content type	5	change_contenttype
19	Can delete content type	5	delete_contenttype
20	Can view content type	5	view_contenttype
21	Can add session	6	add_session
22	Can change session	6	change_session
23	Can delete session	6	delete_session
24	Can view session	6	view_session
25	Can add user	7	add_user
26	Can change user	7	change_user
27	Can delete user	7	delete_user
28	Can view user	7	view_user
29	Can add user	8	add_worker
30	Can change user	8	change_worker
31	Can delete user	8	delete_worker
32	Can view user	8	view_worker
33	Can add service category	9	add_servicecategory
34	Can change service category	9	change_servicecategory
35	Can delete service category	9	delete_servicecategory
36	Can view service category	9	view_servicecategory
37	Can add service session	10	add_servicesession
38	Can change service session	10	change_servicesession
39	Can delete service session	10	delete_servicesession
40	Can view service session	10	view_servicesession
41	Can add booking	11	add_booking
42	Can change booking	11	change_booking
43	Can delete booking	11	delete_booking
44	Can view booking	11	view_booking
45	Can add subcategory	12	add_subcategory
46	Can change subcategory	12	change_subcategory
47	Can delete subcategory	12	delete_subcategory
48	Can view subcategory	12	view_subcategory
49	Can add testimonial	13	add_testimonial
50	Can change testimonial	13	change_testimonial
51	Can delete testimonial	13	delete_testimonial
52	Can view testimonial	13	view_testimonial
53	Can add worker service	14	add_workerservice
54	Can change worker service	14	change_workerservice
55	Can delete worker service	14	delete_workerservice
56	Can view worker service	14	view_workerservice
57	Can add user profile	15	add_userprofile
58	Can change user profile	15	change_userprofile
59	Can delete user profile	15	delete_userprofile
60	Can view user profile	15	view_userprofile
61	Can add worker profile	16	add_workerprofile
62	Can change worker profile	16	change_workerprofile
63	Can delete worker profile	16	delete_workerprofile
64	Can view worker profile	16	view_workerprofile
65	Can add promo	17	add_promo
66	Can change promo	17	change_promo
67	Can delete promo	17	delete_promo
68	Can view promo	17	view_promo
69	Can add voucher	18	add_voucher
70	Can change voucher	18	change_voucher
71	Can delete voucher	18	delete_voucher
72	Can view voucher	18	view_voucher
73	Can add service order	19	add_serviceorder
74	Can change service order	19	change_serviceorder
75	Can delete service order	19	delete_serviceorder
76	Can view service order	19	view_serviceorder
77	Can add worker service order	20	add_workerserviceorder
78	Can change worker service order	20	change_workerserviceorder
79	Can delete worker service order	20	delete_workerserviceorder
80	Can view worker service order	20	view_workerserviceorder
81	Can add transaction category	21	add_transactioncategory
82	Can change transaction category	21	change_transactioncategory
83	Can delete transaction category	21	delete_transactioncategory
84	Can view transaction category	21	view_transactioncategory
85	Can add transaction	22	add_transaction
86	Can change transaction	22	change_transaction
87	Can delete transaction	22	delete_transaction
88	Can view transaction	22	view_transaction
89	Can add transfer transaction	23	add_transfertransaction
90	Can change transfer transaction	23	change_transfertransaction
91	Can delete transfer transaction	23	delete_transfertransaction
92	Can view transfer transaction	23	view_transfertransaction
\.


--
-- Data for Name: auth_user; Type: TABLE DATA; Schema: public; Owner: postgres
--

COPY public.auth_user (id, password, last_login, is_superuser, username, first_name, last_name, email, is_staff, is_active, date_joined) FROM stdin;
\.


--
-- Data for Name: auth_user_groups; Type: TABLE DATA; Schema: public; Owner: postgres
--

COPY public.auth_user_groups (id, user_id, group_id) FROM stdin;
\.


--
-- Data for Name: auth_user_user_permissions; Type: TABLE DATA; Schema: public; Owner: postgres
--

COPY public.auth_user_user_permissions (id, user_id, permission_id) FROM stdin;
\.


--
-- Data for Name: booked_sessions; Type: TABLE DATA; Schema: public; Owner: postgres
--

COPY public.booked_sessions (id, session_id, session_name, price, subcategory_id, subcategory_name, worker_name, status, action, booked_at, user_id) FROM stdin;
67	13	3 hours	625.00	3	Specialized Cleaning	Default Worker	Searching for Nearest Workers	None	2024-12-07 17:01:29.561432	1
73	2	2 hours	300.00	1	General Cleaning	Default Worker	Waiting for Payment	None	2024-12-07 18:59:25.238249	1
\.


--
-- Data for Name: django_admin_log; Type: TABLE DATA; Schema: public; Owner: postgres
--

COPY public.django_admin_log (id, action_time, object_id, object_repr, action_flag, change_message, content_type_id, user_id) FROM stdin;
\.


--
-- Data for Name: django_content_type; Type: TABLE DATA; Schema: public; Owner: postgres
--

COPY public.django_content_type (id, app_label, model) FROM stdin;
1	admin	logentry
2	auth	permission
3	auth	group
4	auth	user
5	contenttypes	contenttype
6	sessions	session
7	main	user
8	main	worker
9	services	servicecategory
10	services	servicesession
11	services	booking
12	services	subcategory
13	services	testimonial
14	services	workerservice
15	main	userprofile
16	main	workerprofile
17	main	promo
18	main	voucher
19	services	serviceorder
20	services	workerserviceorder
21	main	transactioncategory
22	main	transaction
23	main	transfertransaction
\.


--
-- Data for Name: django_migrations; Type: TABLE DATA; Schema: public; Owner: postgres
--

COPY public.django_migrations (id, app, name, applied) FROM stdin;
1	contenttypes	0001_initial	2024-11-16 11:44:36.296006+00
2	auth	0001_initial	2024-11-16 11:44:36.316408+00
3	admin	0001_initial	2024-11-16 11:44:36.322749+00
4	admin	0002_logentry_remove_auto_add	2024-11-16 11:44:36.32603+00
5	admin	0003_logentry_add_action_flag_choices	2024-11-16 11:44:36.328934+00
6	contenttypes	0002_remove_content_type_name	2024-11-16 11:44:36.33569+00
7	auth	0002_alter_permission_name_max_length	2024-11-16 11:44:36.33924+00
8	auth	0003_alter_user_email_max_length	2024-11-16 11:44:36.342578+00
9	auth	0004_alter_user_username_opts	2024-11-16 11:44:36.345579+00
10	auth	0005_alter_user_last_login_null	2024-11-16 11:44:36.349274+00
11	auth	0006_require_contenttypes_0002	2024-11-16 11:44:36.350111+00
12	auth	0007_alter_validators_add_error_messages	2024-11-16 11:44:36.352921+00
13	auth	0008_alter_user_username_max_length	2024-11-16 11:44:36.359266+00
14	auth	0009_alter_user_last_name_max_length	2024-11-16 11:44:36.362907+00
15	auth	0010_alter_group_name_max_length	2024-11-16 11:44:36.366689+00
16	auth	0011_update_proxy_permissions	2024-11-16 11:44:36.369287+00
17	auth	0012_alter_user_first_name_max_length	2024-11-16 11:44:36.372818+00
18	main	0001_initial	2024-11-16 11:44:36.378879+00
19	main	0002_alter_user_options_alter_worker_options_and_more	2024-11-16 11:44:36.421946+00
20	services	0001_initial	2024-11-16 11:44:36.453455+00
21	sessions	0001_initial	2024-11-16 11:44:36.457592+00
22	services	0002_rename_name_servicesession_session_and_more	2024-11-17 12:45:51.102557+00
23	main	0002_userprofile_workerprofile	2024-11-17 15:38:28.332936+00
24	main	0003_merge_20241117_1538	2024-11-17 15:38:28.333644+00
25	main	0003_merge_20241117_2251	2024-11-17 17:04:28.999662+00
26	main	0004_alter_workerprofile_image_url	2024-11-17 17:04:29.007428+00
27	main	0005_merge_20241117_1704	2024-11-17 17:04:29.008654+00
28	main	0005_merge_20241118_0059	2024-11-17 18:10:33.427733+00
29	main	0006_merge_20241117_1810	2024-11-17 18:10:33.432418+00
30	main	0007_promo_voucher	2024-11-17 19:53:37.866053+00
31	main	0008_remove_workerprofile_user_delete_userprofile_and_more	2024-11-18 03:05:19.415259+00
32	services	0003_booking_status_testimonial_created_at_and_more	2024-11-18 13:09:29.901285+00
33	services	0004_serviceorder	2024-11-18 13:09:29.906125+00
34	services	0005_workerserviceorder	2024-11-18 16:22:39.205759+00
35	services	0006_remove_workerserviceorder_worker_and_more	2024-11-18 16:22:39.233322+00
36	main	0009_user_mypay_balance	2024-11-18 16:36:59.553119+00
37	main	0010_transactioncategory_transaction	2024-11-18 16:36:59.570585+00
38	main	0011_transfertransaction	2024-11-18 16:36:59.580427+00
39	services	0007_remove_booking_session_remove_booking_user_and_more	2024-12-01 12:50:19.922834+00
40	main	0012_delete_promo_remove_transaction_category_and_more	2024-12-01 12:50:19.963722+00
\.


--
-- Data for Name: django_session; Type: TABLE DATA; Schema: public; Owner: postgres
--

COPY public.django_session (session_key, session_data, expire_date) FROM stdin;
zugu02nkuuky7dvrlpz8xb8hgtjhudt1	eyJ1c2VyX3Bob25lIjoiMDgxODgwMjMxNiIsImlzX2F1dGhlbnRpY2F0ZWQiOnRydWUsImlzX3dvcmtlciI6ZmFsc2V9:1tCJ6r:IPLubV-j-qNdm1vmVNoIZRBePTLhMUJAZdJqh7OGxUQ	2024-11-30 13:45:09.402978+00
sx6ii6hv138xkoq6veq6phv0n3sweetc	eyJ1c2VyX3Bob25lIjoiMDgxODgwMjMxNiIsImlzX2F1dGhlbnRpY2F0ZWQiOnRydWUsImlzX3dvcmtlciI6ZmFsc2V9:1tCKBF:9Cc9iR7slowY_q6GULNhD9bOTH198u3JOW-O0lEpFq8	2024-11-30 14:53:45.784662+00
kaam5q9k37yrinkxwdeq801b9lq9q4kj	.eJwdzMEKgzAQhOF3mbMHoyAhr1IkRN3WYMnKbkKR0nfvtoe5_APfG01J4rlzIQT03nnfD6Ob0CFrTK3uVGpeU6UNoUqjf3-xHCQI9_RUKwvzQVtUUs1cFOEGZ8BgGzF30Lb8hAfLFbM59n6-sW4n4w:1tHn4P:D8udbqR8jFoZYSS2P5cloBnUUxc2zTSQY3ppxGRJ9G4	2024-12-15 16:45:17.842759+00
2emwedc2c1co78qlx2f0pbo6fb2e9u4h	.eJwdzDEOhCAQRuG7_PUWgrohXGVjCOoYCIYxDMRi492XbPGar3hfNKHirsCZYDEYZcygR_XGC1GcbzVQrnHzlXbYWhr9_eaSqMAe_pQuK3Oi3QmJRM4C-4Hug6k395TG8vwAU-IhyA:1tCufy:NH4AaXCXGwBFhyP5T8u3noXCtRUJtMEXwBbWyKglDkU	2024-12-02 05:51:54.743817+00
4g4fcnl9b3h04bi4wsyedwyw7pz39i25	.eJwdzEEKgCAQBdC7_HULNQjxKhFiNZEYTjhKi-juRdu3eDeaUPHnzpngoKy2VpleD-gQxYdWd8o1LqHSCldLo98vLokK3BYO-WRmTrR6IZHIWeBG6C8wCtPzAk5mIH0:1tCwBX:fI2RTTeln9NI-_WpQaPx7ax3VrVcnP3hsUTs3YxX2WU	2024-12-02 07:28:35.532853+00
laca2hmab26c00j7i5f1b5m48ueahpio	.eJwdy0kKhDAQBdC7_LULB5CQqzRNiKZsg01KqhJExLs7bB-8A0VJ3DpzIljUpjGmbrumR4Wozpc8U8px9JkCbJZCr28sCwns5P96y8C8UHBKqpGTwn5g8K2gZXjmj2V38f5ocV6YlCam:1tJwYw:lDCu6wfY7Z0NRQh_ajyJ6tqw_Gm7a6Va5lKBxmyP-UM	2024-12-21 15:17:42.693693+00
tm0ful4jrvbuy7bqudtkirt747stjyv2	.eJwdzEEKgCAQBdC7_HULNQjxKhFiNZEYTjhKi-juRdu3eDeaUPHnzpngoKy2VpleD-gQxYdWd8o1LqHSCldLo98vLokK3BYO-WRmTrR6IZHIWeBG6C8wCtPzAk5mIH0:1tD1vQ:Ptjdmu6NO6Sv2xvIxolasMOJ32QrgNaV2QOJzSEYMbQ	2024-12-02 13:36:20.707614+00
yhtd517tcmnsw9vywg23kp54bemjm4tt	eyJ1c2VyX3Bob25lIjoiMDgxODgwMjMxNiIsImlzX2F1dGhlbnRpY2F0ZWQiOnRydWUsImlzX3dvcmtlciI6ZmFsc2V9:1tCkKA:BOSdARTbsk41ErzovMHKS5jsl03O-yRtmHAzyQbtAn8	2024-12-01 18:48:42.583251+00
73fq9xmnpdfsw5nmh25g9va6l8i9yazp	e30:1tCkKN:kAxmnKOKGB1FHbSeyNSjsup1QFzRU5HaLOXjgY8gv8k	2024-12-01 18:48:55.071474+00
zstgu440ke8kq3anbkvz0ug0gwp5ys71	eyJ1c2VyX3Bob25lIjoiMTIzNDU2Nzg5MTAiLCJpc19hdXRoZW50aWNhdGVkIjp0cnVlLCJpc193b3JrZXIiOnRydWV9:1tD4mB:udPvR-GE8TJN8LdmWDn-PwLCkCQpdN-paI3cVvANSGo	2024-12-02 16:38:59.120227+00
eki58bwbdmbkjvx5fbc71d48ytgieq6z	eyJ1c2VyX3Bob25lIjoiMDgxODgwMjMxNiIsImlzX2F1dGhlbnRpY2F0ZWQiOnRydWUsImlzX3dvcmtlciI6ZmFsc2V9:1tCBpg:D0j-BYAqj1Q9d7XKYAgdndVy29MVBCOWJxoBkUlDu98	2024-11-30 05:58:56.082343+00
ut07mn8uaxktna8chrwri8a32omy3ogq	eyJ1c2VyX3Bob25lIjoiMDgxODgwMjMxNiIsImlzX2F1dGhlbnRpY2F0ZWQiOnRydWUsImlzX3dvcmtlciI6ZmFsc2V9:1tCZJG:MFbQsbL_Bo08kHJAPybrTFLw_1gvKQidc0Qd2cIVIJM	2024-12-01 07:03:02.856684+00
g3me9tvbatr224fq05w3ib5dyfaml74b	eyJ1c2VyX3Bob25lIjoiMDgxODgwMjMxNiIsImlzX2F1dGhlbnRpY2F0ZWQiOnRydWUsImlzX3dvcmtlciI6ZmFsc2V9:1tCk31:Mfad3uG-WXEO66KpMx25K2cpT_Qy9Rdi2wutsMlZjMg	2024-12-01 18:30:59.024373+00
xchkpq2pwfa410oxrnczwumm6wz7gqwh	.eJw1y0sKgCAURuG9_OMm9s6tREjlBUXwhldpEO29CBqcyQfnQhFK5nAcCRqqbtquH8YJFbyYtWRHMft9zWShcyr0-ckpUPphYw5kjZCI5yjQM9T7D2-qxXI_nBggtA:1tD0TL:nOnhERB1S4rSKnXTGvJpCpqLVzc4NwUd1vHOunxK67k	2024-12-02 12:03:15.380844+00
whx3s3h0btatcmmfovl2qfqgf9kqbdnn	.eJwdy0EKgzAQBdC7_LULTaGEXEUkxGbUEMmUmYQi0rvXun3wTjQl8e-NC8Ght4O1vXkMT3RI6kOrG5WaXqFShKvS6PYPSyaBW8Kul8zMmaJXUk1cFG6cOmib_21lOXy6Mgy-PzFkJio:1tJy6U:vrx9v1A3N-11Yudd-_rzza-VLTjgfOYsvlwxK0QnWE0	2024-12-21 16:56:26.859637+00
qevrieg7y0qso35vmve0auarfjzyui5j	.eJwdy0EKgzAQBdC7_LUL04KEXKWUEM1UgyVTZhJExLs3un3wDlQl8b-FM8Ght8ba_vE0Azok9aGWhXJJUygU4YpUun1jWUngPuGrTUbmlaJXUk2cFe4Fg3cHreM1Z5bdp_abnn-X4iae:1tHluY:YB6HvmHOzyfLK9hf25YtOQXSYmNdH3zersZoHoAdHTg	2024-12-15 15:31:02.79877+00
\.


--
-- Data for Name: main_promo; Type: TABLE DATA; Schema: public; Owner: postgres
--

COPY public.main_promo (id, code, offer_end_date) FROM stdin;
\.


--
-- Data for Name: main_transaction; Type: TABLE DATA; Schema: public; Owner: postgres
--

COPY public.main_transaction (id, amount, date, user_id, category_id) FROM stdin;
\.


--
-- Data for Name: main_transactioncategory; Type: TABLE DATA; Schema: public; Owner: postgres
--

COPY public.main_transactioncategory (category_id, category_name) FROM stdin;
\.


--
-- Data for Name: main_transfertransaction; Type: TABLE DATA; Schema: public; Owner: postgres
--

COPY public.main_transfertransaction (transaction_ptr_id, recipient_id) FROM stdin;
\.


--
-- Data for Name: main_user; Type: TABLE DATA; Schema: public; Owner: postgres
--

COPY public.main_user (id, name, password, sex, phone_number, birth_date, address, last_login, date_joined, email, first_name, is_active, is_staff, is_superuser, last_name, username, mypay_balance, level) FROM stdin;
2	min	pbkdf2_sha256$870000$OFPxDVoGsaAEquPjtlIVTG$eOlIL2BGduyH9OvIDugZH70UsOBBQFzaLxXpe0nSgX8=	female	12345678910	2005-05-06	jl.almadaniah 2no.12	\N	2024-11-17 21:53:34.510571+00			t	f	f		12345678910	0	Bronze
1	chiara aqmarina	pbkdf2_sha256$870000$B6dHLViPOoK1MLwfC6SUL9$+HOw5944C6MzAsqhnJb+Gq0OWrru9E8xy+aBuLEQQ9E=	female	0818802316	2006-05-06	jl. almadaniah 2 no.12	\N	2024-11-16 05:58:45.956328+00			t	f	f		0818802316	0	Bronze
3	christopher	pbkdf2_sha256$870000$n8fadZdGDGVx2ETToagN2U$EZNbd7lDmrK46bSKtpjNsbdk1kvxBLQVZ0PxOwOf2KM=	male	12345678	2005-05-06	jl. tanjung barat 3	\N	2024-11-18 12:01:15.701338+00			t	f	f		12345678	0	Bronze
4	linda	pbkdf2_sha256$870000$lVkFZZaJdGocazVmknXEGm$f0uJpLU806C66e7UnPQoB59kIWpHq2tt4fDACabu2GU=	female	123456789	2004-05-06	jl. pondok china	\N	2024-11-18 12:03:06.257811+00			t	f	f		123456789	0	Bronze
\.


--
-- Data for Name: main_user_groups; Type: TABLE DATA; Schema: public; Owner: postgres
--

COPY public.main_user_groups (id, user_id, group_id) FROM stdin;
\.


--
-- Data for Name: main_user_user_permissions; Type: TABLE DATA; Schema: public; Owner: postgres
--

COPY public.main_user_user_permissions (id, user_id, permission_id) FROM stdin;
\.


--
-- Data for Name: main_voucher; Type: TABLE DATA; Schema: public; Owner: postgres
--

COPY public.main_voucher (id, code, discount, min_transaction, validity_days, user_quota, price) FROM stdin;
\.


--
-- Data for Name: main_worker; Type: TABLE DATA; Schema: public; Owner: postgres
--

COPY public.main_worker (user_ptr_id, bank_name, account_number, npwp, image_url) FROM stdin;
2	Virtual Account BCA	123456789	13456789	https://i.redd.it/i-got-bored-so-i-decided-to-draw-a-random-image-on-the-v0-4ig97vv85vjb1.png?width=1280&format=png&auto=webp&s=7177756d1f393b6e093596d06e1ba539f723264b
3	Virtual Account BNI	123456789	123456789	https://upload.wikimedia.org/wikipedia/commons/thumb/8/8f/J_Paul_Getty_crop.jpg/640px-J_Paul_Getty_crop.jpg
4	Virtual Account BCA	123456789	1234567	https://awsimages.detik.net.id/community/media/visual/2024/01/24/idol-kpop-lolos-getty-images-kulit-wajah-mulus-di-kehidupan-nyata.jpeg?w=600&q=90
\.


--
-- Data for Name: services_booking; Type: TABLE DATA; Schema: public; Owner: postgres
--

COPY public.services_booking (id, date_booked, details, user_id, session_id, status) FROM stdin;
\.


--
-- Data for Name: services_servicecategory; Type: TABLE DATA; Schema: public; Owner: postgres
--

COPY public.services_servicecategory (id, name, description) FROM stdin;
1	Home Cleaning	Our professional home cleaning services are designed to transform your living space. From routine cleaning to deep cleaning, we'll meticulously clean every nook and cranny of your home.
2	Deep Cleaning	Our deep cleaning services go beyond routine cleaning, providing a thorough and comprehensive clean for your home.
3	Air Conditioning	Our air conditioning services ensure optimal performance and clean air quality for your home.
4	Massage	Our massage therapists are skilled in various techniques to help you unwind and relieve stress.
5	Hair Care	Our hair care services are designed to enhance your natural beauty.
\.


--
-- Data for Name: services_serviceorder; Type: TABLE DATA; Schema: public; Owner: postgres
--

COPY public.services_serviceorder (id, order_name, status, created_at, updated_at) FROM stdin;
\.


--
-- Data for Name: services_servicesession; Type: TABLE DATA; Schema: public; Owner: postgres
--

COPY public.services_servicesession (id, session, price, subcategory_id) FROM stdin;
1	1 hour	150.00	1
2	2 hours	300.00	1
3	3 hours	400.00	1
4	4 hours	500.00	1
5	5 hours	600.00	1
6	1 hour	200.00	2
7	2 hours	400.00	2
8	3 hours	500.00	2
9	4 hours	600.00	2
10	5 hours	700.00	2
11	1 hour	575.00	3
12	2 hours	600.00	3
13	3 hours	625.00	3
14	4 hours	650.00	3
15	2 hours	300.00	4
16	3 hours	600.00	4
17	4 hours	800.00	4
18	5 hours	950.00	4
19	2 hours	300.00	5
20	3 hours	600.00	5
21	4 hours	800.00	5
22	5 hours	950.00	5
23	2 hours	700.00	6
24	3 hours	800.00	6
25	4 hours	900.00	6
26	5 hours	1000.00	6
27	2 hours	150.00	7
28	2 hours	300.00	8
29	2 hours	500.00	9
30	2 hours	200.00	10
\.


--
-- Data for Name: services_subcategory; Type: TABLE DATA; Schema: public; Owner: postgres
--

COPY public.services_subcategory (id, name, description, category_id) FROM stdin;
1	General Cleaning	General cleaning is a routine cleaning service that maintains a clean and tidy environment. It typically involves tasks like dusting, vacuuming, mopping floors, cleaning bathrooms, and kitchen surfaces.	1
2	Deep Cleaning	Deep cleaning is a more intensive cleaning service that goes beyond routine cleaning. It involves a thorough cleaning of all surfaces, including hard-to-reach areas, to remove dirt, grime, and bacteria. Deep cleaning services often include tasks like cleaning behind appliances, scrubbing grout, and polishing fixtures.	1
3	Specialized Cleaning	Specialized cleaning refers to cleaning services that require specific expertise or equipment. This can include tasks like carpet cleaning, upholstery cleaning, window cleaning, and post-construction cleaning.	1
4	Residential Deep Cleaning	Residential deep cleaning is a deep cleaning service specifically tailored for homes. It involves a thorough cleaning of all areas of the home, including bedrooms, bathrooms, kitchens, living rooms, and hallways.	2
5	Commercial Deep Cleaning	Commercial deep cleaning is a deep cleaning service for businesses and commercial spaces. It involves a comprehensive cleaning of offices, retail stores, restaurants, and other commercial establishments.	2
6	Seasonal Deep Cleaning	Seasonal deep cleaning is a specialized cleaning service that focuses on cleaning tasks that are typically performed during specific seasons. This can include tasks like spring cleaning, fall cleaning, and winterizing.	2
7	Installation Services	Our expert technicians will install your new air conditioning unit efficiently and accurately. We ensure proper installation to optimize performance and energy efficiency.	3
8	Maintenance Services	Regular maintenance is crucial for the longevity and optimal performance of your air conditioning system.	3
9	Aromatherapy	Aromatherapy is a holistic healing practice that uses essential oils to improve physical and mental health. It can involve massage therapy, inhalation, or topical application of essential oils.	4
10	Hair Services	Hair services involve a variety of hair care treatments, including haircuts, styling, coloring, and perming.	5
\.


--
-- Data for Name: services_testimonial; Type: TABLE DATA; Schema: public; Owner: postgres
--

COPY public.services_testimonial (id, content, subcategory_id, user_id, created_at, rating) FROM stdin;
\.


--
-- Data for Name: services_workerservice; Type: TABLE DATA; Schema: public; Owner: postgres
--

COPY public.services_workerservice (id, is_joined, subcategory_id, worker_id) FROM stdin;
\.


--
-- Data for Name: services_workerserviceorder; Type: TABLE DATA; Schema: public; Owner: postgres
--

COPY public.services_workerserviceorder (id, session, price, status, created_at, updated_at, subcategory_id, assigned_worker_id) FROM stdin;
1	2 hours	200.00	looking_for_worker	2024-11-18 10:00:00+00	2024-11-18 10:00:00+00	1	\N
2	3 hours	300.00	looking_for_worker	2024-11-18 11:00:00+00	2024-11-18 11:00:00+00	2	\N
3	4 hours	400.00	looking_for_worker	2024-11-18 12:00:00+00	2024-11-18 12:00:00+00	3	\N
4	5 hours	500.00	looking_for_worker	2024-11-18 13:00:00+00	2024-11-18 13:00:00+00	4	\N
5	6 hours	600.00	looking_for_worker	2024-11-18 14:00:00+00	2024-11-18 14:00:00+00	5	\N
\.


--
-- Data for Name: services_workerserviceorder_workers; Type: TABLE DATA; Schema: public; Owner: postgres
--

COPY public.services_workerserviceorder_workers (id, workerserviceorder_id, worker_id) FROM stdin;
\.


--
-- Data for Name: workers_category; Type: TABLE DATA; Schema: public; Owner: postgres
--

COPY public.workers_category (id, worker_id, category_id) FROM stdin;
1	2	1
2	2	3
3	2	4
4	2	5
\.


--
-- Name: auth_group_id_seq; Type: SEQUENCE SET; Schema: public; Owner: postgres
--

SELECT pg_catalog.setval('public.auth_group_id_seq', 1, false);


--
-- Name: auth_group_permissions_id_seq; Type: SEQUENCE SET; Schema: public; Owner: postgres
--

SELECT pg_catalog.setval('public.auth_group_permissions_id_seq', 1, false);


--
-- Name: auth_permission_id_seq; Type: SEQUENCE SET; Schema: public; Owner: postgres
--

SELECT pg_catalog.setval('public.auth_permission_id_seq', 72, true);


--
-- Name: auth_user_groups_id_seq; Type: SEQUENCE SET; Schema: public; Owner: postgres
--

SELECT pg_catalog.setval('public.auth_user_groups_id_seq', 1, false);


--
-- Name: auth_user_id_seq; Type: SEQUENCE SET; Schema: public; Owner: postgres
--

SELECT pg_catalog.setval('public.auth_user_id_seq', 1, false);


--
-- Name: auth_user_user_permissions_id_seq; Type: SEQUENCE SET; Schema: public; Owner: postgres
--

SELECT pg_catalog.setval('public.auth_user_user_permissions_id_seq', 1, false);


--
-- Name: booked_sessions_id_seq; Type: SEQUENCE SET; Schema: public; Owner: postgres
--

SELECT pg_catalog.setval('public.booked_sessions_id_seq', 68, true);


--
-- Name: django_admin_log_id_seq; Type: SEQUENCE SET; Schema: public; Owner: postgres
--

SELECT pg_catalog.setval('public.django_admin_log_id_seq', 1, false);


--
-- Name: django_content_type_id_seq; Type: SEQUENCE SET; Schema: public; Owner: postgres
--

SELECT pg_catalog.setval('public.django_content_type_id_seq', 18, true);


--
-- Name: django_migrations_id_seq; Type: SEQUENCE SET; Schema: public; Owner: postgres
--

SELECT pg_catalog.setval('public.django_migrations_id_seq', 33, true);


--
-- Name: main_promo_id_seq; Type: SEQUENCE SET; Schema: public; Owner: postgres
--

SELECT pg_catalog.setval('public.main_promo_id_seq', 1, false);


--
-- Name: main_transaction_id_seq; Type: SEQUENCE SET; Schema: public; Owner: postgres
--

SELECT pg_catalog.setval('public.main_transaction_id_seq', 1, false);


--
-- Name: main_user_groups_id_seq; Type: SEQUENCE SET; Schema: public; Owner: postgres
--

SELECT pg_catalog.setval('public.main_user_groups_id_seq', 1, false);


--
-- Name: main_user_id_seq; Type: SEQUENCE SET; Schema: public; Owner: postgres
--

SELECT pg_catalog.setval('public.main_user_id_seq', 5, true);


--
-- Name: main_user_user_permissions_id_seq; Type: SEQUENCE SET; Schema: public; Owner: postgres
--

SELECT pg_catalog.setval('public.main_user_user_permissions_id_seq', 1, false);


--
-- Name: main_voucher_id_seq; Type: SEQUENCE SET; Schema: public; Owner: postgres
--

SELECT pg_catalog.setval('public.main_voucher_id_seq', 1, false);


--
-- Name: services_booking_id_seq; Type: SEQUENCE SET; Schema: public; Owner: postgres
--

SELECT pg_catalog.setval('public.services_booking_id_seq', 1, false);


--
-- Name: services_servicecategory_id_seq; Type: SEQUENCE SET; Schema: public; Owner: postgres
--

SELECT pg_catalog.setval('public.services_servicecategory_id_seq', 5, true);


--
-- Name: services_serviceorder_id_seq; Type: SEQUENCE SET; Schema: public; Owner: postgres
--

SELECT pg_catalog.setval('public.services_serviceorder_id_seq', 1, false);


--
-- Name: services_servicesession_id_seq; Type: SEQUENCE SET; Schema: public; Owner: postgres
--

SELECT pg_catalog.setval('public.services_servicesession_id_seq', 30, true);


--
-- Name: services_subcategory_id_seq; Type: SEQUENCE SET; Schema: public; Owner: postgres
--

SELECT pg_catalog.setval('public.services_subcategory_id_seq', 10, true);


--
-- Name: services_testimonial_id_seq; Type: SEQUENCE SET; Schema: public; Owner: postgres
--

SELECT pg_catalog.setval('public.services_testimonial_id_seq', 1, false);


--
-- Name: services_workerservice_id_seq; Type: SEQUENCE SET; Schema: public; Owner: postgres
--

SELECT pg_catalog.setval('public.services_workerservice_id_seq', 1, false);


--
-- Name: services_workerserviceorder_id_seq; Type: SEQUENCE SET; Schema: public; Owner: postgres
--

SELECT pg_catalog.setval('public.services_workerserviceorder_id_seq', 5, true);


--
-- Name: services_workerserviceorder_workers_id_seq; Type: SEQUENCE SET; Schema: public; Owner: postgres
--

SELECT pg_catalog.setval('public.services_workerserviceorder_workers_id_seq', 1, false);


--
-- Name: workers_category_id_seq; Type: SEQUENCE SET; Schema: public; Owner: postgres
--

SELECT pg_catalog.setval('public.workers_category_id_seq', 4, true);


--
-- Name: auth_group auth_group_name_key; Type: CONSTRAINT; Schema: public; Owner: postgres
--

ALTER TABLE ONLY public.auth_group
    ADD CONSTRAINT auth_group_name_key UNIQUE (name);


--
-- Name: auth_group_permissions auth_group_permissions_group_id_permission_id_0cd325b0_uniq; Type: CONSTRAINT; Schema: public; Owner: postgres
--

ALTER TABLE ONLY public.auth_group_permissions
    ADD CONSTRAINT auth_group_permissions_group_id_permission_id_0cd325b0_uniq UNIQUE (group_id, permission_id);


--
-- Name: auth_group_permissions auth_group_permissions_pkey; Type: CONSTRAINT; Schema: public; Owner: postgres
--

ALTER TABLE ONLY public.auth_group_permissions
    ADD CONSTRAINT auth_group_permissions_pkey PRIMARY KEY (id);


--
-- Name: auth_group auth_group_pkey; Type: CONSTRAINT; Schema: public; Owner: postgres
--

ALTER TABLE ONLY public.auth_group
    ADD CONSTRAINT auth_group_pkey PRIMARY KEY (id);


--
-- Name: auth_permission auth_permission_content_type_id_codename_01ab375a_uniq; Type: CONSTRAINT; Schema: public; Owner: postgres
--

ALTER TABLE ONLY public.auth_permission
    ADD CONSTRAINT auth_permission_content_type_id_codename_01ab375a_uniq UNIQUE (content_type_id, codename);


--
-- Name: auth_permission auth_permission_pkey; Type: CONSTRAINT; Schema: public; Owner: postgres
--

ALTER TABLE ONLY public.auth_permission
    ADD CONSTRAINT auth_permission_pkey PRIMARY KEY (id);


--
-- Name: auth_user_groups auth_user_groups_pkey; Type: CONSTRAINT; Schema: public; Owner: postgres
--

ALTER TABLE ONLY public.auth_user_groups
    ADD CONSTRAINT auth_user_groups_pkey PRIMARY KEY (id);


--
-- Name: auth_user_groups auth_user_groups_user_id_group_id_94350c0c_uniq; Type: CONSTRAINT; Schema: public; Owner: postgres
--

ALTER TABLE ONLY public.auth_user_groups
    ADD CONSTRAINT auth_user_groups_user_id_group_id_94350c0c_uniq UNIQUE (user_id, group_id);


--
-- Name: auth_user auth_user_pkey; Type: CONSTRAINT; Schema: public; Owner: postgres
--

ALTER TABLE ONLY public.auth_user
    ADD CONSTRAINT auth_user_pkey PRIMARY KEY (id);


--
-- Name: auth_user_user_permissions auth_user_user_permissions_pkey; Type: CONSTRAINT; Schema: public; Owner: postgres
--

ALTER TABLE ONLY public.auth_user_user_permissions
    ADD CONSTRAINT auth_user_user_permissions_pkey PRIMARY KEY (id);


--
-- Name: auth_user_user_permissions auth_user_user_permissions_user_id_permission_id_14a6b632_uniq; Type: CONSTRAINT; Schema: public; Owner: postgres
--

ALTER TABLE ONLY public.auth_user_user_permissions
    ADD CONSTRAINT auth_user_user_permissions_user_id_permission_id_14a6b632_uniq UNIQUE (user_id, permission_id);


--
-- Name: auth_user auth_user_username_key; Type: CONSTRAINT; Schema: public; Owner: postgres
--

ALTER TABLE ONLY public.auth_user
    ADD CONSTRAINT auth_user_username_key UNIQUE (username);


--
-- Name: booked_sessions booked_sessions_pkey; Type: CONSTRAINT; Schema: public; Owner: postgres
--

ALTER TABLE ONLY public.booked_sessions
    ADD CONSTRAINT booked_sessions_pkey PRIMARY KEY (id);


--
-- Name: django_admin_log django_admin_log_pkey; Type: CONSTRAINT; Schema: public; Owner: postgres
--

ALTER TABLE ONLY public.django_admin_log
    ADD CONSTRAINT django_admin_log_pkey PRIMARY KEY (id);


--
-- Name: django_content_type django_content_type_app_label_model_76bd3d3b_uniq; Type: CONSTRAINT; Schema: public; Owner: postgres
--

ALTER TABLE ONLY public.django_content_type
    ADD CONSTRAINT django_content_type_app_label_model_76bd3d3b_uniq UNIQUE (app_label, model);


--
-- Name: django_content_type django_content_type_pkey; Type: CONSTRAINT; Schema: public; Owner: postgres
--

ALTER TABLE ONLY public.django_content_type
    ADD CONSTRAINT django_content_type_pkey PRIMARY KEY (id);


--
-- Name: django_migrations django_migrations_pkey; Type: CONSTRAINT; Schema: public; Owner: postgres
--

ALTER TABLE ONLY public.django_migrations
    ADD CONSTRAINT django_migrations_pkey PRIMARY KEY (id);


--
-- Name: django_session django_session_pkey; Type: CONSTRAINT; Schema: public; Owner: postgres
--

ALTER TABLE ONLY public.django_session
    ADD CONSTRAINT django_session_pkey PRIMARY KEY (session_key);


--
-- Name: main_promo main_promo_code_key; Type: CONSTRAINT; Schema: public; Owner: postgres
--

ALTER TABLE ONLY public.main_promo
    ADD CONSTRAINT main_promo_code_key UNIQUE (code);


--
-- Name: main_promo main_promo_pkey; Type: CONSTRAINT; Schema: public; Owner: postgres
--

ALTER TABLE ONLY public.main_promo
    ADD CONSTRAINT main_promo_pkey PRIMARY KEY (id);


--
-- Name: main_transaction main_transaction_pkey; Type: CONSTRAINT; Schema: public; Owner: postgres
--

ALTER TABLE ONLY public.main_transaction
    ADD CONSTRAINT main_transaction_pkey PRIMARY KEY (id);


--
-- Name: main_transactioncategory main_transactioncategory_pkey; Type: CONSTRAINT; Schema: public; Owner: postgres
--

ALTER TABLE ONLY public.main_transactioncategory
    ADD CONSTRAINT main_transactioncategory_pkey PRIMARY KEY (category_id);


--
-- Name: main_transfertransaction main_transfertransaction_pkey; Type: CONSTRAINT; Schema: public; Owner: postgres
--

ALTER TABLE ONLY public.main_transfertransaction
    ADD CONSTRAINT main_transfertransaction_pkey PRIMARY KEY (transaction_ptr_id);


--
-- Name: main_user_groups main_user_groups_pkey; Type: CONSTRAINT; Schema: public; Owner: postgres
--

ALTER TABLE ONLY public.main_user_groups
    ADD CONSTRAINT main_user_groups_pkey PRIMARY KEY (id);


--
-- Name: main_user_groups main_user_groups_user_id_group_id_ae195797_uniq; Type: CONSTRAINT; Schema: public; Owner: postgres
--

ALTER TABLE ONLY public.main_user_groups
    ADD CONSTRAINT main_user_groups_user_id_group_id_ae195797_uniq UNIQUE (user_id, group_id);


--
-- Name: main_user main_user_phone_number_key; Type: CONSTRAINT; Schema: public; Owner: postgres
--

ALTER TABLE ONLY public.main_user
    ADD CONSTRAINT main_user_phone_number_key UNIQUE (phone_number);


--
-- Name: main_user main_user_pkey; Type: CONSTRAINT; Schema: public; Owner: postgres
--

ALTER TABLE ONLY public.main_user
    ADD CONSTRAINT main_user_pkey PRIMARY KEY (id);


--
-- Name: main_user_user_permissions main_user_user_permissions_pkey; Type: CONSTRAINT; Schema: public; Owner: postgres
--

ALTER TABLE ONLY public.main_user_user_permissions
    ADD CONSTRAINT main_user_user_permissions_pkey PRIMARY KEY (id);


--
-- Name: main_user_user_permissions main_user_user_permissions_user_id_permission_id_96b9fadf_uniq; Type: CONSTRAINT; Schema: public; Owner: postgres
--

ALTER TABLE ONLY public.main_user_user_permissions
    ADD CONSTRAINT main_user_user_permissions_user_id_permission_id_96b9fadf_uniq UNIQUE (user_id, permission_id);


--
-- Name: main_user main_user_username_key; Type: CONSTRAINT; Schema: public; Owner: postgres
--

ALTER TABLE ONLY public.main_user
    ADD CONSTRAINT main_user_username_key UNIQUE (username);


--
-- Name: main_voucher main_voucher_code_key; Type: CONSTRAINT; Schema: public; Owner: postgres
--

ALTER TABLE ONLY public.main_voucher
    ADD CONSTRAINT main_voucher_code_key UNIQUE (code);


--
-- Name: main_voucher main_voucher_pkey; Type: CONSTRAINT; Schema: public; Owner: postgres
--

ALTER TABLE ONLY public.main_voucher
    ADD CONSTRAINT main_voucher_pkey PRIMARY KEY (id);


--
-- Name: main_worker main_worker_npwp_key; Type: CONSTRAINT; Schema: public; Owner: postgres
--

ALTER TABLE ONLY public.main_worker
    ADD CONSTRAINT main_worker_npwp_key UNIQUE (npwp);


--
-- Name: main_worker main_worker_pkey; Type: CONSTRAINT; Schema: public; Owner: postgres
--

ALTER TABLE ONLY public.main_worker
    ADD CONSTRAINT main_worker_pkey PRIMARY KEY (user_ptr_id);


--
-- Name: services_booking services_booking_pkey; Type: CONSTRAINT; Schema: public; Owner: postgres
--

ALTER TABLE ONLY public.services_booking
    ADD CONSTRAINT services_booking_pkey PRIMARY KEY (id);


--
-- Name: services_servicecategory services_servicecategory_pkey; Type: CONSTRAINT; Schema: public; Owner: postgres
--

ALTER TABLE ONLY public.services_servicecategory
    ADD CONSTRAINT services_servicecategory_pkey PRIMARY KEY (id);


--
-- Name: services_serviceorder services_serviceorder_pkey; Type: CONSTRAINT; Schema: public; Owner: postgres
--

ALTER TABLE ONLY public.services_serviceorder
    ADD CONSTRAINT services_serviceorder_pkey PRIMARY KEY (id);


--
-- Name: services_servicesession services_servicesession_pkey; Type: CONSTRAINT; Schema: public; Owner: postgres
--

ALTER TABLE ONLY public.services_servicesession
    ADD CONSTRAINT services_servicesession_pkey PRIMARY KEY (id);


--
-- Name: services_subcategory services_subcategory_pkey; Type: CONSTRAINT; Schema: public; Owner: postgres
--

ALTER TABLE ONLY public.services_subcategory
    ADD CONSTRAINT services_subcategory_pkey PRIMARY KEY (id);


--
-- Name: services_testimonial services_testimonial_pkey; Type: CONSTRAINT; Schema: public; Owner: postgres
--

ALTER TABLE ONLY public.services_testimonial
    ADD CONSTRAINT services_testimonial_pkey PRIMARY KEY (id);


--
-- Name: services_workerservice services_workerservice_pkey; Type: CONSTRAINT; Schema: public; Owner: postgres
--

ALTER TABLE ONLY public.services_workerservice
    ADD CONSTRAINT services_workerservice_pkey PRIMARY KEY (id);


--
-- Name: services_workerserviceorder_workers services_workerserviceor_workerserviceorder_id_wo_78c9e6e4_uniq; Type: CONSTRAINT; Schema: public; Owner: postgres
--

ALTER TABLE ONLY public.services_workerserviceorder_workers
    ADD CONSTRAINT services_workerserviceor_workerserviceorder_id_wo_78c9e6e4_uniq UNIQUE (workerserviceorder_id, worker_id);


--
-- Name: services_workerserviceorder services_workerserviceorder_pkey; Type: CONSTRAINT; Schema: public; Owner: postgres
--

ALTER TABLE ONLY public.services_workerserviceorder
    ADD CONSTRAINT services_workerserviceorder_pkey PRIMARY KEY (id);


--
-- Name: services_workerserviceorder_workers services_workerserviceorder_workers_pkey; Type: CONSTRAINT; Schema: public; Owner: postgres
--

ALTER TABLE ONLY public.services_workerserviceorder_workers
    ADD CONSTRAINT services_workerserviceorder_workers_pkey PRIMARY KEY (id);


--
-- Name: workers_category workers_category_pkey; Type: CONSTRAINT; Schema: public; Owner: postgres
--

ALTER TABLE ONLY public.workers_category
    ADD CONSTRAINT workers_category_pkey PRIMARY KEY (id);


--
-- Name: workers_category workers_category_worker_id_category_id_key; Type: CONSTRAINT; Schema: public; Owner: postgres
--

ALTER TABLE ONLY public.workers_category
    ADD CONSTRAINT workers_category_worker_id_category_id_key UNIQUE (worker_id, category_id);


--
-- Name: auth_group_name_a6ea08ec_like; Type: INDEX; Schema: public; Owner: postgres
--

CREATE INDEX auth_group_name_a6ea08ec_like ON public.auth_group USING btree (name varchar_pattern_ops);


--
-- Name: auth_group_permissions_group_id_b120cbf9; Type: INDEX; Schema: public; Owner: postgres
--

CREATE INDEX auth_group_permissions_group_id_b120cbf9 ON public.auth_group_permissions USING btree (group_id);


--
-- Name: auth_group_permissions_permission_id_84c5c92e; Type: INDEX; Schema: public; Owner: postgres
--

CREATE INDEX auth_group_permissions_permission_id_84c5c92e ON public.auth_group_permissions USING btree (permission_id);


--
-- Name: auth_permission_content_type_id_2f476e4b; Type: INDEX; Schema: public; Owner: postgres
--

CREATE INDEX auth_permission_content_type_id_2f476e4b ON public.auth_permission USING btree (content_type_id);


--
-- Name: auth_user_groups_group_id_97559544; Type: INDEX; Schema: public; Owner: postgres
--

CREATE INDEX auth_user_groups_group_id_97559544 ON public.auth_user_groups USING btree (group_id);


--
-- Name: auth_user_groups_user_id_6a12ed8b; Type: INDEX; Schema: public; Owner: postgres
--

CREATE INDEX auth_user_groups_user_id_6a12ed8b ON public.auth_user_groups USING btree (user_id);


--
-- Name: auth_user_user_permissions_permission_id_1fbb5f2c; Type: INDEX; Schema: public; Owner: postgres
--

CREATE INDEX auth_user_user_permissions_permission_id_1fbb5f2c ON public.auth_user_user_permissions USING btree (permission_id);


--
-- Name: auth_user_user_permissions_user_id_a95ead1b; Type: INDEX; Schema: public; Owner: postgres
--

CREATE INDEX auth_user_user_permissions_user_id_a95ead1b ON public.auth_user_user_permissions USING btree (user_id);


--
-- Name: auth_user_username_6821ab7c_like; Type: INDEX; Schema: public; Owner: postgres
--

CREATE INDEX auth_user_username_6821ab7c_like ON public.auth_user USING btree (username varchar_pattern_ops);


--
-- Name: django_admin_log_content_type_id_c4bce8eb; Type: INDEX; Schema: public; Owner: postgres
--

CREATE INDEX django_admin_log_content_type_id_c4bce8eb ON public.django_admin_log USING btree (content_type_id);


--
-- Name: django_admin_log_user_id_c564eba6; Type: INDEX; Schema: public; Owner: postgres
--

CREATE INDEX django_admin_log_user_id_c564eba6 ON public.django_admin_log USING btree (user_id);


--
-- Name: django_session_expire_date_a5c62663; Type: INDEX; Schema: public; Owner: postgres
--

CREATE INDEX django_session_expire_date_a5c62663 ON public.django_session USING btree (expire_date);


--
-- Name: django_session_session_key_c0390e0f_like; Type: INDEX; Schema: public; Owner: postgres
--

CREATE INDEX django_session_session_key_c0390e0f_like ON public.django_session USING btree (session_key varchar_pattern_ops);


--
-- Name: main_promo_code_b8e10689_like; Type: INDEX; Schema: public; Owner: postgres
--

CREATE INDEX main_promo_code_b8e10689_like ON public.main_promo USING btree (code varchar_pattern_ops);


--
-- Name: main_transaction_category_id_537f76fc; Type: INDEX; Schema: public; Owner: postgres
--

CREATE INDEX main_transaction_category_id_537f76fc ON public.main_transaction USING btree (category_id);


--
-- Name: main_transaction_user_id_fd91d649; Type: INDEX; Schema: public; Owner: postgres
--

CREATE INDEX main_transaction_user_id_fd91d649 ON public.main_transaction USING btree (user_id);


--
-- Name: main_transfertransaction_recipient_id_650b45ff; Type: INDEX; Schema: public; Owner: postgres
--

CREATE INDEX main_transfertransaction_recipient_id_650b45ff ON public.main_transfertransaction USING btree (recipient_id);


--
-- Name: main_user_groups_group_id_a337ba62; Type: INDEX; Schema: public; Owner: postgres
--

CREATE INDEX main_user_groups_group_id_a337ba62 ON public.main_user_groups USING btree (group_id);


--
-- Name: main_user_groups_user_id_df502602; Type: INDEX; Schema: public; Owner: postgres
--

CREATE INDEX main_user_groups_user_id_df502602 ON public.main_user_groups USING btree (user_id);


--
-- Name: main_user_phone_number_58947ae4_like; Type: INDEX; Schema: public; Owner: postgres
--

CREATE INDEX main_user_phone_number_58947ae4_like ON public.main_user USING btree (phone_number varchar_pattern_ops);


--
-- Name: main_user_user_permissions_permission_id_cd2b56a3; Type: INDEX; Schema: public; Owner: postgres
--

CREATE INDEX main_user_user_permissions_permission_id_cd2b56a3 ON public.main_user_user_permissions USING btree (permission_id);


--
-- Name: main_user_user_permissions_user_id_451ce57f; Type: INDEX; Schema: public; Owner: postgres
--

CREATE INDEX main_user_user_permissions_user_id_451ce57f ON public.main_user_user_permissions USING btree (user_id);


--
-- Name: main_user_username_6330637b_like; Type: INDEX; Schema: public; Owner: postgres
--

CREATE INDEX main_user_username_6330637b_like ON public.main_user USING btree (username varchar_pattern_ops);


--
-- Name: main_voucher_code_61814bc3_like; Type: INDEX; Schema: public; Owner: postgres
--

CREATE INDEX main_voucher_code_61814bc3_like ON public.main_voucher USING btree (code varchar_pattern_ops);


--
-- Name: main_worker_npwp_bb1d97c6_like; Type: INDEX; Schema: public; Owner: postgres
--

CREATE INDEX main_worker_npwp_bb1d97c6_like ON public.main_worker USING btree (npwp varchar_pattern_ops);


--
-- Name: services_booking_session_id_af737fe2; Type: INDEX; Schema: public; Owner: postgres
--

CREATE INDEX services_booking_session_id_af737fe2 ON public.services_booking USING btree (session_id);


--
-- Name: services_booking_user_id_58c4e678; Type: INDEX; Schema: public; Owner: postgres
--

CREATE INDEX services_booking_user_id_58c4e678 ON public.services_booking USING btree (user_id);


--
-- Name: services_servicesession_subcategory_id_4ee796ca; Type: INDEX; Schema: public; Owner: postgres
--

CREATE INDEX services_servicesession_subcategory_id_4ee796ca ON public.services_servicesession USING btree (subcategory_id);


--
-- Name: services_subcategory_category_id_87a5a1b4; Type: INDEX; Schema: public; Owner: postgres
--

CREATE INDEX services_subcategory_category_id_87a5a1b4 ON public.services_subcategory USING btree (category_id);


--
-- Name: services_testimonial_subcategory_id_6bf7b654; Type: INDEX; Schema: public; Owner: postgres
--

CREATE INDEX services_testimonial_subcategory_id_6bf7b654 ON public.services_testimonial USING btree (subcategory_id);


--
-- Name: services_testimonial_user_id_7f8fddb6; Type: INDEX; Schema: public; Owner: postgres
--

CREATE INDEX services_testimonial_user_id_7f8fddb6 ON public.services_testimonial USING btree (user_id);


--
-- Name: services_workerservice_subcategory_id_30a74e4e; Type: INDEX; Schema: public; Owner: postgres
--

CREATE INDEX services_workerservice_subcategory_id_30a74e4e ON public.services_workerservice USING btree (subcategory_id);


--
-- Name: services_workerservice_worker_id_11c3b9aa; Type: INDEX; Schema: public; Owner: postgres
--

CREATE INDEX services_workerservice_worker_id_11c3b9aa ON public.services_workerservice USING btree (worker_id);


--
-- Name: services_workerserviceorde_workerserviceorder_id_ff021707; Type: INDEX; Schema: public; Owner: postgres
--

CREATE INDEX services_workerserviceorde_workerserviceorder_id_ff021707 ON public.services_workerserviceorder_workers USING btree (workerserviceorder_id);


--
-- Name: services_workerserviceorder_assigned_worker_id_a5694c8d; Type: INDEX; Schema: public; Owner: postgres
--

CREATE INDEX services_workerserviceorder_assigned_worker_id_a5694c8d ON public.services_workerserviceorder USING btree (assigned_worker_id);


--
-- Name: services_workerserviceorder_subcategory_id_9b9c3527; Type: INDEX; Schema: public; Owner: postgres
--

CREATE INDEX services_workerserviceorder_subcategory_id_9b9c3527 ON public.services_workerserviceorder USING btree (subcategory_id);


--
-- Name: services_workerserviceorder_workers_worker_id_983d7ae1; Type: INDEX; Schema: public; Owner: postgres
--

CREATE INDEX services_workerserviceorder_workers_worker_id_983d7ae1 ON public.services_workerserviceorder_workers USING btree (worker_id);


--
-- Name: main_worker trigger_check_bank_account_exists; Type: TRIGGER; Schema: public; Owner: postgres
--

CREATE TRIGGER trigger_check_bank_account_exists BEFORE INSERT ON public.main_worker FOR EACH ROW EXECUTE FUNCTION public.check_bank_account_exists();


--
-- Name: main_user trigger_check_phone_number_exists; Type: TRIGGER; Schema: public; Owner: postgres
--

CREATE TRIGGER trigger_check_phone_number_exists BEFORE INSERT ON public.main_user FOR EACH ROW EXECUTE FUNCTION public.check_phone_number_exists();


--
-- Name: services_serviceorder trigger_update_user_level; Type: TRIGGER; Schema: public; Owner: postgres
--

CREATE TRIGGER trigger_update_user_level AFTER INSERT OR DELETE OR UPDATE ON public.services_serviceorder FOR EACH ROW EXECUTE FUNCTION public.update_user_level();


--
-- Name: auth_group_permissions auth_group_permissio_permission_id_84c5c92e_fk_auth_perm; Type: FK CONSTRAINT; Schema: public; Owner: postgres
--

ALTER TABLE ONLY public.auth_group_permissions
    ADD CONSTRAINT auth_group_permissio_permission_id_84c5c92e_fk_auth_perm FOREIGN KEY (permission_id) REFERENCES public.auth_permission(id) DEFERRABLE INITIALLY DEFERRED;


--
-- Name: auth_group_permissions auth_group_permissions_group_id_b120cbf9_fk_auth_group_id; Type: FK CONSTRAINT; Schema: public; Owner: postgres
--

ALTER TABLE ONLY public.auth_group_permissions
    ADD CONSTRAINT auth_group_permissions_group_id_b120cbf9_fk_auth_group_id FOREIGN KEY (group_id) REFERENCES public.auth_group(id) DEFERRABLE INITIALLY DEFERRED;


--
-- Name: auth_permission auth_permission_content_type_id_2f476e4b_fk_django_co; Type: FK CONSTRAINT; Schema: public; Owner: postgres
--

ALTER TABLE ONLY public.auth_permission
    ADD CONSTRAINT auth_permission_content_type_id_2f476e4b_fk_django_co FOREIGN KEY (content_type_id) REFERENCES public.django_content_type(id) DEFERRABLE INITIALLY DEFERRED;


--
-- Name: auth_user_groups auth_user_groups_group_id_97559544_fk_auth_group_id; Type: FK CONSTRAINT; Schema: public; Owner: postgres
--

ALTER TABLE ONLY public.auth_user_groups
    ADD CONSTRAINT auth_user_groups_group_id_97559544_fk_auth_group_id FOREIGN KEY (group_id) REFERENCES public.auth_group(id) DEFERRABLE INITIALLY DEFERRED;


--
-- Name: auth_user_groups auth_user_groups_user_id_6a12ed8b_fk_auth_user_id; Type: FK CONSTRAINT; Schema: public; Owner: postgres
--

ALTER TABLE ONLY public.auth_user_groups
    ADD CONSTRAINT auth_user_groups_user_id_6a12ed8b_fk_auth_user_id FOREIGN KEY (user_id) REFERENCES public.auth_user(id) DEFERRABLE INITIALLY DEFERRED;


--
-- Name: auth_user_user_permissions auth_user_user_permi_permission_id_1fbb5f2c_fk_auth_perm; Type: FK CONSTRAINT; Schema: public; Owner: postgres
--

ALTER TABLE ONLY public.auth_user_user_permissions
    ADD CONSTRAINT auth_user_user_permi_permission_id_1fbb5f2c_fk_auth_perm FOREIGN KEY (permission_id) REFERENCES public.auth_permission(id) DEFERRABLE INITIALLY DEFERRED;


--
-- Name: auth_user_user_permissions auth_user_user_permissions_user_id_a95ead1b_fk_auth_user_id; Type: FK CONSTRAINT; Schema: public; Owner: postgres
--

ALTER TABLE ONLY public.auth_user_user_permissions
    ADD CONSTRAINT auth_user_user_permissions_user_id_a95ead1b_fk_auth_user_id FOREIGN KEY (user_id) REFERENCES public.auth_user(id) DEFERRABLE INITIALLY DEFERRED;


--
-- Name: django_admin_log django_admin_log_content_type_id_c4bce8eb_fk_django_co; Type: FK CONSTRAINT; Schema: public; Owner: postgres
--

ALTER TABLE ONLY public.django_admin_log
    ADD CONSTRAINT django_admin_log_content_type_id_c4bce8eb_fk_django_co FOREIGN KEY (content_type_id) REFERENCES public.django_content_type(id) DEFERRABLE INITIALLY DEFERRED;


--
-- Name: django_admin_log django_admin_log_user_id_c564eba6_fk_auth_user_id; Type: FK CONSTRAINT; Schema: public; Owner: postgres
--

ALTER TABLE ONLY public.django_admin_log
    ADD CONSTRAINT django_admin_log_user_id_c564eba6_fk_auth_user_id FOREIGN KEY (user_id) REFERENCES public.auth_user(id) DEFERRABLE INITIALLY DEFERRED;


--
-- Name: booked_sessions fk_user_id; Type: FK CONSTRAINT; Schema: public; Owner: postgres
--

ALTER TABLE ONLY public.booked_sessions
    ADD CONSTRAINT fk_user_id FOREIGN KEY (user_id) REFERENCES public.main_user(id);


--
-- Name: main_transaction main_transaction_category_id_537f76fc_fk_main_tran; Type: FK CONSTRAINT; Schema: public; Owner: postgres
--

ALTER TABLE ONLY public.main_transaction
    ADD CONSTRAINT main_transaction_category_id_537f76fc_fk_main_tran FOREIGN KEY (category_id) REFERENCES public.main_transactioncategory(category_id) DEFERRABLE INITIALLY DEFERRED;


--
-- Name: main_transaction main_transaction_user_id_fd91d649_fk_main_user_id; Type: FK CONSTRAINT; Schema: public; Owner: postgres
--

ALTER TABLE ONLY public.main_transaction
    ADD CONSTRAINT main_transaction_user_id_fd91d649_fk_main_user_id FOREIGN KEY (user_id) REFERENCES public.main_user(id) DEFERRABLE INITIALLY DEFERRED;


--
-- Name: main_transfertransaction main_transfertransac_transaction_ptr_id_b18d7067_fk_main_tran; Type: FK CONSTRAINT; Schema: public; Owner: postgres
--

ALTER TABLE ONLY public.main_transfertransaction
    ADD CONSTRAINT main_transfertransac_transaction_ptr_id_b18d7067_fk_main_tran FOREIGN KEY (transaction_ptr_id) REFERENCES public.main_transaction(id) DEFERRABLE INITIALLY DEFERRED;


--
-- Name: main_transfertransaction main_transfertransaction_recipient_id_650b45ff_fk_main_user_id; Type: FK CONSTRAINT; Schema: public; Owner: postgres
--

ALTER TABLE ONLY public.main_transfertransaction
    ADD CONSTRAINT main_transfertransaction_recipient_id_650b45ff_fk_main_user_id FOREIGN KEY (recipient_id) REFERENCES public.main_user(id) DEFERRABLE INITIALLY DEFERRED;


--
-- Name: main_user_groups main_user_groups_group_id_a337ba62_fk_auth_group_id; Type: FK CONSTRAINT; Schema: public; Owner: postgres
--

ALTER TABLE ONLY public.main_user_groups
    ADD CONSTRAINT main_user_groups_group_id_a337ba62_fk_auth_group_id FOREIGN KEY (group_id) REFERENCES public.auth_group(id) DEFERRABLE INITIALLY DEFERRED;


--
-- Name: main_user_groups main_user_groups_user_id_df502602_fk_main_user_id; Type: FK CONSTRAINT; Schema: public; Owner: postgres
--

ALTER TABLE ONLY public.main_user_groups
    ADD CONSTRAINT main_user_groups_user_id_df502602_fk_main_user_id FOREIGN KEY (user_id) REFERENCES public.main_user(id) DEFERRABLE INITIALLY DEFERRED;


--
-- Name: main_user_user_permissions main_user_user_permi_permission_id_cd2b56a3_fk_auth_perm; Type: FK CONSTRAINT; Schema: public; Owner: postgres
--

ALTER TABLE ONLY public.main_user_user_permissions
    ADD CONSTRAINT main_user_user_permi_permission_id_cd2b56a3_fk_auth_perm FOREIGN KEY (permission_id) REFERENCES public.auth_permission(id) DEFERRABLE INITIALLY DEFERRED;


--
-- Name: main_user_user_permissions main_user_user_permissions_user_id_451ce57f_fk_main_user_id; Type: FK CONSTRAINT; Schema: public; Owner: postgres
--

ALTER TABLE ONLY public.main_user_user_permissions
    ADD CONSTRAINT main_user_user_permissions_user_id_451ce57f_fk_main_user_id FOREIGN KEY (user_id) REFERENCES public.main_user(id) DEFERRABLE INITIALLY DEFERRED;


--
-- Name: main_worker main_worker_user_ptr_id_d75d6069_fk_main_user_id; Type: FK CONSTRAINT; Schema: public; Owner: postgres
--

ALTER TABLE ONLY public.main_worker
    ADD CONSTRAINT main_worker_user_ptr_id_d75d6069_fk_main_user_id FOREIGN KEY (user_ptr_id) REFERENCES public.main_user(id) DEFERRABLE INITIALLY DEFERRED;


--
-- Name: services_booking services_booking_session_id_af737fe2_fk_services_; Type: FK CONSTRAINT; Schema: public; Owner: postgres
--

ALTER TABLE ONLY public.services_booking
    ADD CONSTRAINT services_booking_session_id_af737fe2_fk_services_ FOREIGN KEY (session_id) REFERENCES public.services_servicesession(id) DEFERRABLE INITIALLY DEFERRED;


--
-- Name: services_booking services_booking_user_id_58c4e678_fk_main_user_id; Type: FK CONSTRAINT; Schema: public; Owner: postgres
--

ALTER TABLE ONLY public.services_booking
    ADD CONSTRAINT services_booking_user_id_58c4e678_fk_main_user_id FOREIGN KEY (user_id) REFERENCES public.main_user(id) DEFERRABLE INITIALLY DEFERRED;


--
-- Name: services_servicesession services_servicesess_subcategory_id_4ee796ca_fk_services_; Type: FK CONSTRAINT; Schema: public; Owner: postgres
--

ALTER TABLE ONLY public.services_servicesession
    ADD CONSTRAINT services_servicesess_subcategory_id_4ee796ca_fk_services_ FOREIGN KEY (subcategory_id) REFERENCES public.services_subcategory(id) DEFERRABLE INITIALLY DEFERRED;


--
-- Name: services_subcategory services_subcategory_category_id_87a5a1b4_fk_services_; Type: FK CONSTRAINT; Schema: public; Owner: postgres
--

ALTER TABLE ONLY public.services_subcategory
    ADD CONSTRAINT services_subcategory_category_id_87a5a1b4_fk_services_ FOREIGN KEY (category_id) REFERENCES public.services_servicecategory(id) DEFERRABLE INITIALLY DEFERRED;


--
-- Name: services_testimonial services_testimonial_subcategory_id_6bf7b654_fk_services_; Type: FK CONSTRAINT; Schema: public; Owner: postgres
--

ALTER TABLE ONLY public.services_testimonial
    ADD CONSTRAINT services_testimonial_subcategory_id_6bf7b654_fk_services_ FOREIGN KEY (subcategory_id) REFERENCES public.services_subcategory(id) DEFERRABLE INITIALLY DEFERRED;


--
-- Name: services_testimonial services_testimonial_user_id_7f8fddb6_fk_main_user_id; Type: FK CONSTRAINT; Schema: public; Owner: postgres
--

ALTER TABLE ONLY public.services_testimonial
    ADD CONSTRAINT services_testimonial_user_id_7f8fddb6_fk_main_user_id FOREIGN KEY (user_id) REFERENCES public.main_user(id) DEFERRABLE INITIALLY DEFERRED;


--
-- Name: services_workerserviceorder services_workerservi_assigned_worker_id_a5694c8d_fk_main_work; Type: FK CONSTRAINT; Schema: public; Owner: postgres
--

ALTER TABLE ONLY public.services_workerserviceorder
    ADD CONSTRAINT services_workerservi_assigned_worker_id_a5694c8d_fk_main_work FOREIGN KEY (assigned_worker_id) REFERENCES public.main_worker(user_ptr_id) DEFERRABLE INITIALLY DEFERRED;


--
-- Name: services_workerservice services_workerservi_subcategory_id_30a74e4e_fk_services_; Type: FK CONSTRAINT; Schema: public; Owner: postgres
--

ALTER TABLE ONLY public.services_workerservice
    ADD CONSTRAINT services_workerservi_subcategory_id_30a74e4e_fk_services_ FOREIGN KEY (subcategory_id) REFERENCES public.services_subcategory(id) DEFERRABLE INITIALLY DEFERRED;


--
-- Name: services_workerserviceorder services_workerservi_subcategory_id_9b9c3527_fk_services_; Type: FK CONSTRAINT; Schema: public; Owner: postgres
--

ALTER TABLE ONLY public.services_workerserviceorder
    ADD CONSTRAINT services_workerservi_subcategory_id_9b9c3527_fk_services_ FOREIGN KEY (subcategory_id) REFERENCES public.services_subcategory(id) DEFERRABLE INITIALLY DEFERRED;


--
-- Name: services_workerservice services_workerservi_worker_id_11c3b9aa_fk_main_work; Type: FK CONSTRAINT; Schema: public; Owner: postgres
--

ALTER TABLE ONLY public.services_workerservice
    ADD CONSTRAINT services_workerservi_worker_id_11c3b9aa_fk_main_work FOREIGN KEY (worker_id) REFERENCES public.main_worker(user_ptr_id) DEFERRABLE INITIALLY DEFERRED;


--
-- Name: services_workerserviceorder_workers services_workerservi_worker_id_983d7ae1_fk_main_work; Type: FK CONSTRAINT; Schema: public; Owner: postgres
--

ALTER TABLE ONLY public.services_workerserviceorder_workers
    ADD CONSTRAINT services_workerservi_worker_id_983d7ae1_fk_main_work FOREIGN KEY (worker_id) REFERENCES public.main_worker(user_ptr_id) DEFERRABLE INITIALLY DEFERRED;


--
-- Name: services_workerserviceorder_workers services_workerservi_workerserviceorder_i_ff021707_fk_services_; Type: FK CONSTRAINT; Schema: public; Owner: postgres
--

ALTER TABLE ONLY public.services_workerserviceorder_workers
    ADD CONSTRAINT services_workerservi_workerserviceorder_i_ff021707_fk_services_ FOREIGN KEY (workerserviceorder_id) REFERENCES public.services_workerserviceorder(id) DEFERRABLE INITIALLY DEFERRED;


--
-- Name: workers_category workers_category_category_id_fkey; Type: FK CONSTRAINT; Schema: public; Owner: postgres
--

ALTER TABLE ONLY public.workers_category
    ADD CONSTRAINT workers_category_category_id_fkey FOREIGN KEY (category_id) REFERENCES public.services_servicecategory(id) ON DELETE CASCADE;


--
-- Name: workers_category workers_category_worker_id_fkey; Type: FK CONSTRAINT; Schema: public; Owner: postgres
--

ALTER TABLE ONLY public.workers_category
    ADD CONSTRAINT workers_category_worker_id_fkey FOREIGN KEY (worker_id) REFERENCES public.main_user(id) ON DELETE CASCADE;


--
-- PostgreSQL database dump complete
--

